"System ID","UPC","EAN","Custom SKU","Manufact. SKU","Item","Vendor ID","Qty.","Price","Tax","Brand","Publish to eCom","Season","Department","MSRP","Tax Class","Default Cost","Vendor","Category","Subcategory 1","Subcategory 2","Subcategory 3","Subcategory 4","Subcategory 5","Subcategory 6","Subcategory 7","Subcategory 8","Subcategory 9"
"210000000371","","","","","Copy Per Side","","-77213","$0.29","Yes","","No","","","0.29","Item","0.230000000","","Print","","","","","","","","",""
"210000000327","","","","","Full Service Mail- Economy","","-58626","$1.50","Yes","","No","","","1.40","Item","0.750000000","","Mail","","","","","","","","",""
"210000000325","","","","","Gatefold XL","","-18552","$1.65","Yes","","No","","","0.00","Item","1.030000000","","Print","","","","","","","","",""
"210000000498","","","","","Magnet Calendars - 3.75x8.75 - IH - Mailed","","-11867","$3.00","Yes","","No","","","2.50","Item","0.840000000","","Print","","","","","","","","",""
"210000000685","","","","","Full Portfolio Brochure","","-10240","$0.68","Yes","","No","","","0.68","Item","0.230000000","","Print","","","","","","","","",""
"210000000524","","","","","FS Rack Card","","-10001","$0.28","Yes","","No","","","0.28","Item","0.050000000","","Print","","","","","","","","",""
"210000000398","","","","","N10 Envelope w/ Black Print","","-8726","$0.22","Yes","","No","","","0.15","Item","0.040000000","","Print","","","","","","","","",""
"210000000684","","","","","Custom Orthotics Brochure","","-7925","$0.68","Yes","","No","","","0.68","Item","0.000000000","","Print","","","","","","","","",""
"210000000437","","","","","8.5x7.5in Bifold","","-7068","$0.85","Yes","","No","","","0.80","Item","0.300000000","","Print","","","","","","","","",""
"210000000796","","","","","2025 Football Magnet Mailed","","-6267","$3.50","Yes","","No","","","3.50","Item","0.640000000","","Mail","","","","","","","","",""
"210000000497","","","","","Magnet Calendars - 3.75x8.75 - IH","","-6194","$2.00","Yes","","No","","","1.30","Item","0.200000000","","Print","","","","","","","","",""
"210000000763","","","","","2025 Braves Schedules - Mailed","","-5976","$2.50","Yes","","No","","","2.50","","1.000000000","","Mail","","","","","","","","",""
"210000000707","","","","","4x6 Shipping Inserts - Foot Solutions","","-5000","$0.20","Yes","","No","","","0.20","Item","0.100000000","","Foot Solutions","","","","","","","","",""
"210000000427","","","","","Stamp","","-4342","$0.60","Yes","","No","","","0.58","Item","0.600000000","","Retail","","","","","","","","",""
"210000000470","","","","","6x6 Trifold Brochure","","-4097","$1.35","Yes","","No","","","1.35","Item","0.150000000","","Print","","","","","","","","",""
"210000000725","","","","","SEC Magnet Card Mailed","","-3904","$3.15","Yes","","No","","","3.00","Item","2.000000000","","Mail","","","","","","","","",""
"210000000388","","","","","Tinyfold","","-3707","$0.85","Yes","","No","","","0.80","Item","0.440000000","","Print","","","","","","","","",""
"210000000222","","","","","Feature Card 4.25/5.5","","-3693","$0.35","Yes","","No","","","0.35","Item","0.030000000","","Print","","","","","","","","",""
"210000000728","","","","","A2 Full Service","","-3614","$2.50","Yes","","No","","","2.50","Item","1.350000000","","Mail","","","","","","","","",""
"210000000399","","","","","Envelope Printing Only (Customer Provides Envelopes)","","-3566","$0.15","Yes","","No","","","0.10","Item","0.010000000","","Print","","","","","","","","",""
"210000000445","","","","","A7 Envelope Print - Color","","-2332","$0.35","Yes","","No","","","0.35","Item","0.100000000","","Print","","","","","","","","",""
"210000000549","","","","","A7 Full Service","","-2288","$3.00","Yes","","No","","","3.00","Item","1.340000000","","Mail","","","","","","","","",""
"210000000675","","","","","No10 Envelope w/ Color Print","","-2262","$0.30","Yes","","No","","","0.30","Item","0.070000000","","Print","","","","","","","","",""
"210000000540","","","","","2.5x2.5 Tags","","-2080","$0.28","Yes","","No","","","0.28","Item","0.010000000","","Print","","","","","","","","",""
"210000000401","","","","","A2 Envelope + Print Black","","-2031","$0.20","Yes","","No","","","0.20","Item","0.060000000","","Print","","","","","","","","",""
"210000000410","","","","","A2 Notecards  + Envelopes","","-1989","$0.65","Yes","","No","","","0.65","Item","0.100000000","","Print","","","","","","","","",""
"210000000380","","","","","Label Sheet","","-1984","$1.50","Yes","","No","","","1.00","Item","0.100000000","","Print","","","","","","","","",""
"210000000742","","","","","Rack Card 16pt","","-1737","$0.45","Yes","","No","","","0.45","Item","0.450000000","","Print","","","","","","","","",""
"210000000419","","","","","Rider H","","-1668","$3.00","Yes","","No","","","3.00","Item","0.580000000","","Retail","","","","","","","","",""
"210000000771","","","","","Full Service Mail 6x11"" - Cobrand (Agent Cost)","","-1607","$0.94","Yes","","No","","","0.94","Item","0.000000000","","Mail","","","","","","","","",""
"210000000428","","","","","9x12""in Envelope + Print","","-1579","$0.35","Yes","","No","","","0.35","Item","0.260000000","","Print","","","","","","","","",""
"210000000367","","","","","KWNA 16 Page Premium Booklet","","-1461","$6.00","Yes","","No","","","6.00","Item","3.860000000","","Print","","","","","","","","",""
"210000000486","","","","","A2 Notecards  + Envelopes 250+","","-1350","$0.50","Yes","","No","","","0.50","Item","0.100000000","","Print","","","","","","","","",""
"210000000764","","","","","2025 Braves Schedule - Not Mailed","","-1314","$2.00","Yes","","No","","","2.00","","1.000000000","","Print","","","","","","","","",""
"210000000699","","","","","S&N Doorknocker Flyers","","-1292","$0.35","Yes","","No","","","0.35","Item","0.000000000","","Print","","","","","","","","",""
"210000000417","","","","","Big Booklet Per Design Page","","-1283","$2.00","Yes","","No","","","2.00","Item","0.240000000","","Print","","","","","","","","",""
"210000000769","","","","","Full Service Mail 6x11"" - Cobrand (no postage cost)","","-1222","$0.21","Yes","","No","","","0.21","Item","0.000000000","","","","","","","","","","",""
"210000000702","","","","","Tri-Fold Brochure (Flyer Paper)","","-1159","$0.95","Yes","","No","","","0.95","Item","0.000000000","","Print","","","","","","","","",""
"210000000740","","","","","FS Custom Orthotics Cleaning & Care Guide","","-1150","$0.00","Yes","","No","","","0.00","Item","0.280000000","","Print","","","","","","","","",""
"210000000522","","","","","Passport Booklet -16 Pages -","","-1014","$2.50","Yes","","No","","","2.00","Item","1.000000000","","Wholesale Print","","","","","","","","",""
"210000000487","","","","","Perfect Bound Booklets Per 4 pages (Min 20 pages) Basic Cover Laminations Gloss or Soft Touch","","-1003","$2.05","Yes","","No","","","2.05","Item","1.000000000","","Wholesale Print","","","","","","","","",""
"210000000874","","","","","2025 Hosting Cheat Sheet Magnet - Mailed","","-994","$3.00","Yes","","No","","","3.00","Item","1.250000000","","Mail","","","","","","","","",""
"210000000510","","","","","New Recruiting Packet","","-977","$16.80","Yes","","No","","","0.00","Item","7.330000000","","Print","","","","","","","","",""
"210000000776","","","","","EDDM split cost","","-966","$0.00","Yes","","No","","","0.00","Item","0.000000000","","","","","","","","","","",""
"210000000514","","","","","4th of July Mailer (Card + Glasses)","","-956","$3.50","Yes","","No","","","3.50","Item","0.800000000","","","","","","","","","","",""
"210000000507","","","","","A2 Envelope Blank","","-826","$0.20","Yes","","No","","","0.20","Item","0.060000000","","Retail","","","","","","","","",""
"210000000871","","","","","2025 Holiday Card - Mailed","","-772","$3.15","Yes","","No","","","3.15","Item","1.460000000","","Mail","","","","","","","","",""
"210000000734","","","","","18x24in Coroplast Signs w/ HD Stakes 10+","","-763","$25.00","Yes","","No","","","25.00","Item","8.980000000","","Wholesale Print","","","","","","","","",""
"210000000777","","","","","Postage","","-755","$51.83","Yes","","No","","","51.83","Item","0.000000000","","","","","","","","","","",""
"210000000741","","","","","Kenkoh Brochure","","-750","$0.68","Yes","","No","","","0.68","Item","0.000000000","","Print","","","","","","","","",""
"210000000726","","","","","Medium Gatefold","","-712","$1.30","Yes","","No","","","1.30","Item","0.750000000","","Print","","","","","","","","",""
"210000000480","","","","","Fold","","-701","$0.05","Yes","","No","","","0.05","Item","0.000000000","","Print","","","","","","","","",""
"210000000348","","","","","10+ Tumbler","","-687","$21.00","Yes","","No","","","21.00","Item","13.070000000","","UV Printer","","","","","","","","",""
"210000000711","","","","","12x18 Custom Color Yard Sign w/HD Stake 5-9","","-579","$25.00","Yes","","No","","","25.00","Item","12.250000000","4Over","Wholesale Print","","","","","","","","",""
"210000000436","","","","","Spiral Binding","","-548","$2.00","Yes","","No","","","2.00","Item","0.250000000","","Print","","","","","","","","",""
"210000000703","","","","","Tri-Fold Brochure - 8.5x3.6 (House/carstock)","","-470","$1.00","Yes","","No","","","1.00","Item","0.000000000","","Print","","","","","","","","",""
"210000000346","","","","","Tumbler - House","","-455","$26.00","Yes","","No","","","26.00","Item","17.270000000","","UV Printer","","","","","","","","",""
"210000000704","","","","","Flower Seed Door Hanger","","-450","$1.50","Yes","","No","","","1.50","Item","0.000000000","","Print","","","","","","","","",""
"210000000760","","","","","Custom Rider","","-412","$30.00","Yes","","No","","","30.00","Item","20.580000000","","Wholesale Print","","","","","","","","",""
"210000000478","","","","","UV Print","","-411","$10.00","Yes","","No","","","0.00","Item","0.000000000","","UV Printer","","","","","","","","",""
"210000000753","","","","","2025 Magnet calendar 8.5x5.5 - Mailed","","-396","$3.15","Yes","","No","","","3.00","Item","1.500000000","","Mail","","","","","","","","",""
"210000000801","","","","","2025 School Schedule - Full Service Mailed","","-388","$3.00","Yes","","No","","","3.00","Item","0.430000000","","Mail","","","","","","","","",""
"210000000733","","","","","Class Manual","","-374","$19.70","Yes","","No","","","19.70","Item","0.000000000","","Print","","","","","","","","",""
"210000000413","","","","","Trifold GC Card Holders","","-348","$0.85","Yes","","No","","","0.85","Item","0.050000000","","Print","","","","","","","","",""
"210000000443","","","","","A7 Envelope Print - Black","","-329","$0.25","Yes","","No","","","0.25","Item","0.060000000","","Print","","","","","","","","",""
"210000000662","","","","","Super Heavy Duty Stake","","-325","$11.00","Yes","","No","","","10.00","Item","7.000000000","","Retail","","","","","","","","",""
"210000000732","","","","","Full Service Mail 12.5x9.25","","-324","$2.45","Yes","","No","","","2.45","Item","2.450000000","","Mail","","","","","","","","",""
"210000000683","","","","","Easel Posters","","-300","$3.00","Yes","","No","","","3.00","Item","0.350000000","","Foot Solutions","","","","","","","","",""
"210000000508","","","","","Coroplast Sign in Black Frame","","-269","$70.00","Yes","","No","","","70.00","Item","51.660000000","","Wholesale Print","","","","","","","","",""
"210000000811","","","","","Custom Riders 5+","","-265","$20.00","Yes","","No","","","20.00","Item","20.840000000","","Wholesale Print","","","","","","","","",""
"210000000519","","","","","2x4' Foamcore","","-250","$99.00","Yes","","No","","","99.00","Item","60.240000000","","Wholesale Print","","","","","","","","",""
"210000000654","","","","","New Agent Spiral Guide","","-248","$6.40","Yes","","No","","","0.00","Item","2.000000000","","Print","","","","","","","","",""
"210000000536","","","","","5x5 50 Page Notepad","","-246","$6.00","Yes","","No","","","6.00","Item","1.000000000","","Print","","","","","","","","",""
"210000000043","","","","","Heavy Duty Stake","","-243","$7.00","Yes","","Yes","","","5.50","Item","3.500000000","Bull Steel","Retail","","","","","","","","",""
"210000000423","","","","","Father's Day Card Print/Envelopes/Stamp/Merge","","-241","$2.15","Yes","","No","","","2.15","Item","0.500000000","","Print","","","","","","","","",""
"210000000754","","","","","2025 Magnet calendar 8.5x5.5 - Not Mailed","","-240","$2.50","Yes","","No","","","2.50","","1.000000000","","Print","","","","","","","","",""
"210000000807","","","","","Bookmark 6x2","","-240","$0.43","Yes","","No","","","0.43","Item","0.000000000","","","","","","","","","","",""
"210000000420","","","","","Recruiting Card Set 24","","-235","$3.00","Yes","","No","","","4.00","Item","0.250000000","","Print","","","","","","","","",""
"210000000425","","","","","Poster (13x19)","","-232","$2.00","Yes","","No","","","2.00","Item","0.240000000","","Print","","","","","","","","",""
"210000000424","","","","","Engraving Only","","-227","$32.00","Yes","","No","","","32.00","Item","5.000000000","","Laser","","","","","","","","",""
"210000000472","","","","","A2 Envelope + Print Color","","-220","$0.30","Yes","","No","","","0.30","Item","0.150000000","","Print","","","","","","","","",""
"210000000774","","","","","2025 Lottery Ticket Mailer","","-217","$3.50","Yes","","No","","","3.50","Item","0.000000000","","Mail","","","","","","","","",""
"210000000058","","","","","5' White PVC Sign Post","","-203","$108.00","Yes","","Yes","","","108.00","Item","77.540000000","4Ever Products","Retail","","","","","","","","",""
"210000000451","","","","","2022 Ornament","","-191","$6.75","Yes","","No","","","6.00","Item","0.400000000","","Laser","","","","","","","","",""
"210000000736","","","","","","""Running Your Business Like a Business"" Handouts, 27 pages stapled","","-185","$4.05","Yes","","No","","","4.05","Item","0.000000000","","Print","","","","","","","","",""
"210000000047","","","","","6' White PVC Sign Post","","-181","$115.00","Yes","","Yes","","","115.00","Item","81.630000000","4Ever Products","Retail","","","","","","","","",""
"210000000802","","","","","2025 School Schedule - Not Mailed","","-165","$2.50","Yes","","No","","","2.50","Item","0.140000000","","Print","","","","","","","","",""
"210000000784","","","","","Folding Name Card","","-159","$0.65","Yes","","No","","","0.65","Item","0.100000000","","Print","","","","","","","","",""
"210000000797","","","","","2025 Football Magnet - Not mailed","","-156","$3.00","Yes","","No","","","3.00","Item","1.500000000","","Print","","","","","","","","",""
"210000000502","","","","","4x6"" Notepads 50 Pages - Set of 20","","-154","$99.00","Yes","","No","","","90.00","Item","66.000000000","","Wholesale Print","","","","","","","","",""
"210000000415","","","","","April Seed Mailer - No Mailing","","-150","$2.00","Yes","","No","","","2.00","Item","0.600000000","","Mail","","","","","","","","",""
"210000000273","","","","","Shipping/Delivery","","-143","$8.00","Yes","","No","","","8.00","Item","8.000000000","","Retail","","","","","","","","",""
"210000000023","","","","","Large Rider Pegs (Pair)","","-141","$1.50","Yes","","Yes","","","1.00","Item","0.840000000","Dirt Cheap Signs","Retail","","","","","","","","",""
"210000000435","","","","","Shipping","","-139","$8.00","Yes","","No","","","9.00","Item","8.000000000","","Retail","","","","","","","","",""
"210000000479","","","","","12x18 Car Magnet","","-128","$39.00","Yes","","No","","","39.00","Item","26.480000000","","Wholesale Print","","","","","","","","",""
"210000000775","","","","","2025 Lottery Ticket Card (not mailed)","","-125","$3.00","Yes","","No","","","3.00","Item","0.000000000","","Print","","","","","","","","",""
"210000000469","","","","","Recruiting Packet - In house","","-123","$16.50","Yes","","No","","","16.50","Item","10.000000000","","Print","","","","","","","","",""
"210000000786","","","","","Flower Seed Mailer - 2025","","-117","$3.75","Yes","","No","","","3.75","Item","2.000000000","","Mail","","","","","","","","",""
"210000000372","","","","","33x81 Standing Retractable Banner","","-115","$169.00","Yes","","No","","","169.00","Item","90.860000000","","Wholesale Print","","","","","","","","",""
"210000000700","","","","","Sheet of stickers","","-110","$0.00","Yes","","No","","","0.00","Item","1.500000000","","Print","","","","","","","","",""
"210000000042","","","","","Black 18x24in Sign Frame","","-103","$45.00","Yes","","Yes","","","45.00","Item","25.520000000","","Retail","","","","","","","","",""
"210000000541","","","","","Printed and Spiral Bound Book","","-103","$20.00","Yes","","No","","","20.00","Item","4.000000000","","Print","","","","","","","","",""
"210000000501","","","","","1% Planner 104 pages","","-102","$19.00","Yes","","No","","","19.00","Item","2.500000000","","Print","","","","","","","","",""
"210000000385","","","","","Cut To Shape Card 100-249","","-100","$1.50","Yes","","No","","","1.50","Item","0.200000000","","Print","","","","","","","","",""
"210000000665","","","","","Spiral Booklet 10pgs","","-100","$7.10","Yes","","No","","","7.10","Item","2.500000000","","Print","","","","","","","","",""
"210000000426","","","","","2'x3' Foamboard sign","","-93","$71.00","Yes","","No","","","71.00","Item","58.000000000","","Wholesale Print","","","","","","","","",""
"210000000877","","","","","Handwritten Address","","-89","$0.00","Yes","","No","","","0.00","Item","0.000000000","","","","","","","","","","",""
"210000000758","","","","","Mission Statement Stapled","","-85","$0.45","Yes","","No","","","0.45","Item","10.000000000","","Print","","","","","","","","",""
"210000000729","","","","","Career Visioning Spiral Bound Manuals","","-80","$25.75","Yes","","No","","","25.75","","0.000000000","","Print","","","","","","","","",""
"210000000782","","","","","50 Page Notepad (3.75x8.75) with magnet","","-75","$5.25","Yes","","No","","","5.25","Item","4.000000000","","Print","","","","","","","","",""
"210000000730","","","","","30/60/90 Spiral Bound Manuals","","-70","$26.05","Yes","","No","","","26.05","Item","0.000000000","","Print","","","","","","","","",""
"210000000785","","","","","Linen w/ Spot UV Certificate (8.5x11)","","-70","$2.00","Yes","","No","","","2.00","Item","1.000000000","","Print","","","","","","","","",""
"210000000708","","","","","X-Large (24x36) Custom Aluminum Composite Sign Single","","-69","$159.00","Yes","","No","","","159.00","Item","79.010000000","","Wholesale Print","","","","","","","","",""
"210000000800","","","","","Class Manual - Value Squared","","-69","$14.30","Yes","","No","","","14.30","Item","0.000000000","","","","","","","","","","",""
"210000000438","","","","","Set of Carabiners (2)","","-68","$2.50","Yes","","No","","","2.50","Item","0.500000000","","Retail","","","","","","","","",""
"210000000354","","","","","Custom Bound Book","","-65","$19.00","Yes","","No","","","19.00","Item","1.000000000","","Print","","","","","","","","",""
"210000000418","","","","","KWMC Calendar","","-65","$3.00","Yes","","No","","","4.00","Item","0.400000000","","Print","","","","","","","","",""
"210000000655","","","","","Calendar 8x4 Spiral Bound","","-63","$8.00","Yes","","No","","","8.00","Item","0.000000000","","Print","","","","","","","","",""
"210000000716","","","","","In-Store Signage Series A","","-63","$99.00","Yes","","No","","","99.00","Item","35.200000000","","Foot Solutions","","","","","","","","",""
"210000000512","","","","","Rush Fee - Next Day (Shipping)","","-61","$50.00","Yes","","No","","","50.00","Item","40.000000000","","Wholesale Print","","","","","","","","",""
"210000000493","","","","","72 Sold Trifold","","-60","$1.65","Yes","","No","","","1.65","Item","0.200000000","","Print","","","","","","","","",""
"210000000765","","","","","Jumbo Trifold 7.5 by 18.5","","-60","$1.65","Yes","","No","","","1.65","Item","1.000000000","","Print","","","","","","","","",""
"210000000477","","","","","Jenny's Cookbook","","-59","$32.50","Yes","","No","","","32.50","Item","10.000000000","","Print","","","","","","","","",""
"210000000718","","","","","In-Store POP 8.5x11","","-59","$0.75","Yes","","No","","","0.75","Item","0.500000000","","Foot Solutions","","","","","","","","",""
"210000000868","","","","","Class Manual - Day 1","","-57","$33.85","Yes","","No","","","33.85","Item","0.000000000","","Print","","","","","","","","",""
"210000000499","","","","","Tablet Tent 6x6","","-56","$0.85","Yes","","No","","","0.85","Item","0.120000000","","Print","","","","","","","","",""
"210000000660","","","","","Aluminum Rider","","-55","$45.00","Yes","","No","","","45.00","Item","27.460000000","","Wholesale Print","","","","","","","","",""
"210000000870","","","","","Class Manual - Day 2","","-55","$37.75","Yes","","No","","","37.75","Item","0.000000000","","Print","","","","","","","","",""
"210000000755","","","","","Tumbler 24+","","-53","$18.00","Yes","","No","","","18.00","Item","10.000000000","","UV Printer","","","","","","","","",""
"210000000577","","","","","FS Instore Sales Guide","","-51","$8.00","Yes","","No","","","8.00","Item","3.000000000","","Print","","","","","","","","",""
"210000000535","","","","","HF+ Sales Guide 30 Pages","","-50","$4.50","Yes","","No","","","4.50","Item","1.500000000","","Print","","","","","","","","",""
"210000000670","","","","","2024 Braves Schedule - Printed w/ Printed Envelopes","","-50","$1.60","Yes","","No","","","1.60","Item","0.300000000","","Print","","","","","","","","",""
"210000000778","","","","","Paper Upgrade","","-50","$0.15","Yes","","No","","","0.15","Item","0.000000000","","Print","","","","","","","","",""
"210000000783","","","","","Will's Biography","","-50","$5.00","Yes","","No","","","5.00","Item","0.000000000","","Print","","","","","","","","",""
"210000000794","","","","","Bifold 8.5x11","","-50","$1.35","Yes","","No","","","1.35","Item","0.000000000","","","","","","","","","","",""
"210000000872","","","","","2025 Holiday Card - Printed","","-50","$2.00","Yes","","No","","","2.00","Item","1.350000000","","Print","","","","","","","","",""
"210000000416","","","","","Banner","","-48","$90.00","Yes","","No","","","90.00","Item","35.000000000","","Wholesale Print","","","","","","","","",""
"210000000739","","","","","Grommets per set of 2","","-47","$4.00","Yes","","No","","","4.00","Item","2.000000000","","Retail","","","","","","","","",""
"210000000678","","","","","FS/HF+ - OTC / Stridewell PVC Signs","","-46","$49.00","Yes","","No","","","49.00","Item","24.000000000","","Wholesale Print","","","","","","","","",""
"210000000651","","","","","DTG Treat and Print Per Side","","-45","$9.00","Yes","","No","","","9.00","Item","3.000000000","","Clothing","T-Shirts","","","","","","","",""
"210000000474","","","","","UV Unlimited","","-42","$9.00","Yes","","No","","","9.00","Item","1.000000000","","UV Printer","","","","","","","","",""
"210000000476","","","","","Coroplast 24x36","","-42","$84.00","Yes","","No","","","84.00","Item","44.000000000","","Wholesale Print","","","","","","","","",""
"210000000795","","","","","Poster (11x14)","","-38","$2.00","Yes","","No","","","2.00","Item","0.000000000","","Print","","","","","","","","",""
"210000000706","","","","","Black and White Book with no cover, notes pages removed","","-37","$14.00","Yes","","No","","","14.00","Item","0.000000000","","Print","","","","","","","","",""
"210000000405","","","","","3'x4' Banner","","-35","$49.00","Yes","","No","","","49.00","Item","24.410000000","","Wholesale Print","","","","","","","","",""
"210000000681","","","","","6""x6"" Booklet","","-30","$5.00","Yes","","No","","","5.00","Item","0.000000000","","Print","","","","","","","","",""
"210000000717","","","","","In-Store Signage Slat Wall","","-30","$49.00","Yes","","No","","","49.00","Item","20.000000000","","Foot Solutions","","","","","","","","",""
"210000000509","","","","","Rounded Corners","","-26","$10.00","Yes","","No","","","10.00","Item","0.000000000","","Print","","","","","","","","",""
"210000000050","","","","","Business Card 32Pt Color Core 250","","-25","$164.00","Yes","","No","","","115.00","Item","69.000000000","Navitor","Wholesale Print","","","","","","","","",""
"210000000505","","","","","Square Booklet 8PG","","-25","$4.00","Yes","","No","","","4.00","Item","0.600000000","","","","","","","","","","",""
"210000000780","","","","","Lottery Ticket Doorhanger","","-25","$2.00","Yes","","No","","","2.00","Item","1.100000000","","Print","","","","","","","","",""
"210000000791","","","","","KWNA Vendor Magazine (24 Pages)","","-25","$8.00","Yes","","No","","","8.00","Item","4.000000000","","","","","","","","","","",""
"210000000806","","","","","13oz Vinyl Banner per Sqft (Shipping not Included)","","-24","$5.00","Yes","","No","","","5.00","Item","1.500000000","","Wholesale Print","","","","","","","","",""
"210000000674","","","","","Spiral Bound Booklet - 24 Page","","-23","$12.20","Yes","","No","","","12.20","Item","0.000000000","","Print","","","","","","","","",""
"210000000809","","","","","Custom Riders 2-4","","-23","$25.00","Yes","","No","","","25.00","Item","10.420000000","","Wholesale Print","","","","","","","","",""
"210000000752","","","","","18x24 Posterboard Print (Single Sided)","","-22","$30.00","Yes","","No","","","30.00","Item","0.000000000","","UV Printer","","","","","","","","",""
"210000000705","","","","","Full Color Book with Cardstock Cover and Notes Pages","","-21","$39.00","Yes","","No","","","39.00","Item","0.000000000","","Print","","","","","","","","",""
"210000000021","","","","","EDDM Impression Standard","","'-","$0.70","No","","Yes","","","0.67","Item","0.320000000","","Mail","","","","","","","","",""
"210000000025","","","","","12x18 Custom Color Yard Sign w/HDStake 10-25","","'-","$19.00","Yes","","Yes","","","19.00","Item","7.390000000","Sinalite","Wholesale Print","","","","","","","","",""
"210000000026","","","","","A2 Greeting Cards (w/ Envelopes)","","'-","$0.95","Yes","","No","","","0.95","Item","0.630000000","Sinalite","Print","","","","","","","","",""
"210000000028","","","","","Full Service Mail - Premium","","'-","$1.75","Yes","","No","","","1.70","Item","0.460000000","Diane Endeavors","Mail","","","","","","","","",""
"210000000034","","","","","House - Post Card (8up>)","","'-","$0.33","Yes","","No","","","0.26","Item","0.160000000","Diane Endeavors","Print","","","","","","","","",""
"210000000035","","","","","18x24in Custom Coroplast Signs w/HD Stake 5-9","","'-","$28.00","Yes","","No","","","28.00","Item","12.130000000","Sinalite","Wholesale Print","","","","","","","","",""
"210000000037","","","","","Flyer 100lb 1 side","","'-","$0.41","Yes","","Yes","","","0.41","Item","0.100000000","Diane Endeavors","Print","","","","","","","","",""
"210000000041","","","","","House - Post Card Large (4up>)","","'-","$0.45","Yes","","No","","","0.35","Item","0.310000000","Diane Endeavors","Print","","","","","","","","",""
"210000000044","","","","","Booklet 8.5/5.5"" Full Color 4","","'-","$0.60","Yes","","No","","","0.00","Item","0.150000000","Diane Endeavors","Print","","","","","","","","",""
"210000000045","","","","","Booklet 8.5/5.5"" Full Color 20","","'-","$4.00","Yes","","No","","","4.00","Item","3.000000000","Diane Endeavors","Print","","","","","","","","",""
"210000000046","","","","","Booklet 11/8.5"" Full Color 12","","'-","$4.80","Yes","","No","","","4.80","Item","0.890000000","Diane Endeavors","Print","","","","","","","","",""
"210000000059","","","","","Door Hanger","","'-","$0.80","Yes","","No","","","0.75","Item","0.390000000","","Print","","","","","","","","",""
"210000000061","","","","","Booklet 11/8.5"" Full Color 8","","'-","$3.00","Yes","","No","","","2.00","Item","0.670000000","Diane Endeavors","Print","","","","","","","","",""
"210000000063","","","","","Misc Print Work","","'-","$185.00","Yes","","No","","","0.00","Item","0.000000000","","Print","","","","","","","","",""
"210000000080","","","","","Booklet 11/8.5"" Black 44","","'-","$0.00","Yes","","No","","","0.00","Item","0.000000000","Diane Endeavors","Print","","","","","","","","",""
"210000000081","","","","","Booklet 11/8.5"" Full Color 44","","'-","$17.60","Yes","","No","","","11.00","Item","2.700000000","Diane Endeavors","Print","","","","","","","","",""
"210000000082","","","","","100 Business Cards - KW MC Special","","'-","$11.00","Yes","","No","","","11.00","Item","5.400000000","Sinalite","Print","","","","","","","","",""
"210000000085","","","","","18x24in Custom Coroplast Signs w/ HD Stakes 1-4","","'-","$35.00","Yes","","No","","","35.00","Item","26.720000000","Sinalite","Wholesale Print","","","","","","","","",""
"210000000087","","","","","18 x 24in Custom Aluminum Composite Sign Single","","'-","$89.00","Yes","","No","","","79.00","Item","55.990000000","Sinalite","Wholesale Print","","","","","","","","",""
"210000000089","","","","","Large  (24x30) Custom Aluminum Composite Sign Single","","'-","$125.00","Yes","","No","","","125.00","Item","71.810000000","Sinalite","Wholesale Print","","","","","","","","",""
"210000000100","","","","","Custom Presentation Folders - 250","","'-","$749.00","Yes","","No","","","749.00","Item","550.000000000","Sinalite","Wholesale Print","","","","","","","","",""
"210000000219","","","","","TAP - Pre-listing Packet","","'-","$5.00","Yes","","No","","","5.00","Item","1.000000000","","Print","","","","","","","","",""
"210000000220","","","","","Booklet 11/8.5"" Full Color 16","","'-","$6.40","Yes","","No","","","6.40","Item","4.630000000","Diane Endeavors","Print","","","","","","","","",""
"210000000221","","","","","11x17 4 Page Bifold Brochure","","'-","$1.65","Yes","","No","","","1.50","Item","0.450000000","","Print","","","","","","","","",""
"210000000232","","","","","Booklet 11/8.5"" Full Color 24","","'-","$9.60","Yes","","No","","","9.00","Item","4.720000000","Diane Endeavors","Print","","","","","","","","",""
"210000000233","","","","","House Business Card - Square Corners 1000 16PT Gloss","","'-","$94.00","Yes","","No","","","94.00","Item","20.600000000","Diane Endeavors","Print","","","","","","","","",""
"210000000234","","","","","House Business Card - Square Corners 500 16PT Gloss","","'-","$54.00","Yes","","No","","","54.00","Item","21.040000000","Diane Endeavors","Print","","","","","","","","",""
"210000000235","","","","","House Business Card - Square Corners 500 16 PT Uncoated","","'-","$54.00","Yes","","No","","","54.00","Item","7.090000000","Diane Endeavors","Print","","","","","","","","",""
"210000000237","","","","","Calendars","","'-","$22.00","Yes","","No","","","20.00","Item","6.500000000","Sinalite","UV Printer","","","","","","","","",""
"210000000241","","","","","Cardstock Flyer 100lb 2 side","","'-","$0.85","Yes","","Yes","","","0.85","Item","0.440000000","Diane Endeavors","Print","","","","","","","","",""
"210000000243","","","","","EDDM Impression Large","","'-","$0.83","No","","Yes","","","0.79","Item","0.380000000","","Mail","","","","","","","","",""
"210000000245","","","","","EDDM Impression Jumbo","","'-","$1.10","No","","Yes","","","1.05","Item","0.430000000","","Mail","","","","","","","","",""
"210000000248","","","","","House Business Card - Square Corners 1000 16 PT Uncoated","","'-","$94.00","Yes","","No","","","94.00","Item","20.600000000","Diane Endeavors","Print","","","","","","","","",""
"210000000259","","","","","Booklet 11/8.5"" Full Color 4","","'-","$1.60","Yes","","No","","","0.00","Item","0.180000000","Diane Endeavors","Print","","","","","","","","",""
"210000000265","","","","","House Business Card - Square Corners 250 16PT Gloss","","'-","$36.00","Yes","","No","","","36.00","Item","8.380000000","Diane Endeavors","Print","","","","","","","","",""
"210000000272","","","","","House Business Card - Square Corners 250 16 PT Uncoated","","'-","$36.00","Yes","","No","","","36.00","Item","7.090000000","Diane Endeavors","Print","","","","","","","","",""
"210000000275","","","","","Cardstock 100lb Flyer 1 side","","'-","$0.75","Yes","","Yes","","","0.75","Item","0.270000000","Diane Endeavors","Print","","","","","","","","",""
"210000000277","","","","","Flyer 100lb 2 side","","'-","$0.49","Yes","","Yes","","","0.49","Item","0.440000000","Diane Endeavors","Print","","","","","","","","",""
"210000000279","","","","","A2 Greeting Cards (w/ Envelopes)250+","","'-","$0.80","Yes","","No","","","0.80","Item","0.430000000","Sinalite","Print","","","","","","","","",""
"210000000282","","","","","House - Post Card XL (3up>)","","'-","$0.50","Yes","","No","","","0.40","Item","0.270000000","Diane Endeavors","Print","","","","","","","","",""
"210000000284","","","","","Market Center Sign Special 18x24 w/ Stakes","","'-","$10.00","Yes","","No","","","10.00","Item","5.000000000","Sinalite","UV Printer","","","","","","","","",""
"210000000286","","","","","Full Service Mail - 8.5x5.5 Post Card","","'-","$1.05","Yes","","No","","","1.00","Item","0.340000000","Diane Endeavors","Mail","","","","","","","","",""
"210000000287","","","","","Booklet 8.5/5.5"" Full Color 16","","'-","$5.00","Yes","","No","","","5.00","Item","1.000000000","Diane Endeavors","Print","","","","","","","","",""
"210000000296","","","","","A7 Greeting Cards w/Envelopes 250+","","'-","$1.40","Yes","","No","","","1.40","Item","0.260000000","Sinalite","Print","","","","","","","","",""
"210000000298","","","","","A7 Greeting Cards w/Envelopes","","'-","$1.50","Yes","","No","","","1.50","Item","0.680000000","Sinalite","Print","","","","","","","","",""
"210000000302","","","","","4.25x5.5 Cards Uncoated","","'-","$0.33","Yes","","No","","","0.31","Item","0.070000000","Sinalite","Print","","","","","","","","",""
"210000000326","","","","","Tri-Fold Brochure - 8.5x3.6","","'-","$0.85","Yes","","No","","","0.75","Item","0.090000000","","Print","","","","","","","","",""
"210000000334","","","","","House Business Card - Square Corners 100 16 PT Uncoated","","'-","$22.00","Yes","","No","","","22.00","Item","2.000000000","Diane Endeavors","Print","","","","","","","","",""
"210000000337","","","","","Booklet 11/8.5"" Full Color 28","","'-","$11.20","Yes","","No","","","11.20","Item","4.910000000","Diane Endeavors","Print","","","","","","","","",""
"210000000339","","","","","Booklet 11/8.5"" Black 80","","'-","$5.00","Yes","","No","","","5.00","Item","0.600000000","Diane Endeavors","Print","","","","","","","","",""
"210000000340","","","","","Booklet 8.5/5.5"" Full Color 24","","'-","$4.80","Yes","","No","","","4.80","Item","4.720000000","Diane Endeavors","Print","","","","","","","","",""
"210000000349","","","","","Booklet 8.5/5.5"" Full Color 8","","'-","$1.60","Yes","","No","","","1.60","Item","0.670000000","Diane Endeavors","Print","","","","","","","","",""
"210000000352","","","","","Booklet 11/8.5"" Full Color 20","","'-","$8.00","Yes","","No","","","8.00","Item","4.720000000","Diane Endeavors","Print","","","","","","","","",""
"210000000353","","","","","Misc Rider","","'-","$8.00","Yes","","No","","","6.00","Item","0.500000000","","UV Printer","","","","","","","","",""
"210000000364","","","","","Large Feather Flag (14ft)","","'-","$270.00","Yes","","No","","","270.00","Item","114.150000000","","Wholesale Print","","","","","","","","",""
"210000000370","","","","","12x18 Custom Color Yard Sign w/HD Stake","","'-","$30.00","Yes","","Yes","","","30.00","Item","23.800000000","Sinalite","Wholesale Print","","","","","","","","",""
"210000000383","","","","","Cut To Shape Card 0-99","","0","$2.00","Yes","","No","","","2.00","Item","0.200000000","","Print","","","","","","","","",""
"210000000387","","","","","Cut To Shape Card 250+","","0","$1.25","Yes","","No","","","1.25","Item","0.200000000","","Print","","","","","","","","",""
"210000000392","","","","","Booklet 11/8.5"" Black 20","","'-","$3.00","Yes","","No","","","0.00","Item","4.720000000","Diane Endeavors","Print","","","","","","","","",""
"210000000393","","","","","Booklet 11/8.5"" Black 32","","'-","$0.00","Yes","","No","","","0.00","Item","5.000000000","Diane Endeavors","Print","","","","","","","","",""
"210000000394","","","","","Booklet 11/8.5"" Black 40","","'-","$6.00","Yes","","No","","","0.00","Item","0.800000000","Diane Endeavors","Print","","","","","","","","",""
"210000000396","","","","","Full Service Mail - 6x11 Post Card","","'-","$1.15","Yes","","No","","","1.05","Item","0.360000000","Diane Endeavors","Mail","","","","","","","","",""
"210000000402","","","","","Booklet 11/8.5"" Black 4","","'-","$0.60","Yes","","No","","","0.00","Item","0.100000000","Diane Endeavors","Print","","","","","","","","",""
"210000000404","","","","","Booklet 11/8.5"" Full Color 36","","'-","$14.40","Yes","","No","","","14.40","Item","1.800000000","Diane Endeavors","Print","","","","","","","","",""
"210000000408","","","","","Booklet 11/8.5"" Full Color 32","","'-","$12.80","Yes","","No","","","12.80","Item","5.000000000","Diane Endeavors","Print","","","","","","","","",""
"210000000414","","","","","Brochure Upcharge","","0","$1.85","Yes","","No","","","1.85","Item","0.250000000","","","","","","","","","","",""
"210000000430","","","","","House Business Card - Square Corners 100 16PT Gloss","","'-","$22.00","Yes","","No","","","22.00","Item","5.400000000","Diane Endeavors","Print","","","","","","","","",""
"210000000431","","","","","Booklet 11/8.5"" Full Color 48","","'-","$0.00","Yes","","No","","","0.00","Item","0.000000000","Diane Endeavors","Print","","","","","","","","",""
"210000000433","","","","","Tent Canopy","","0","$549.00","Yes","","No","","","549.00","Item","275.000000000","","Wholesale Print","","","","","","","","",""
"210000000440","","","","","18x24in Custom Coroplast Signs W/HD Stakes 25+","","'-","$22.00","Yes","","No","","","22.00","Item","6.500000000","Sinalite","Wholesale Print","","","","","","","","",""
"210000000482","","","","","A7 Note Cards w/ Envelopes","","'-","$1.00","Yes","","No","","","1.00","Item","0.210000000","Sinalite","Print","","","","","","","","",""
"210000000484","","","","","A7 Note Cards w/Envelopes 250+","","'-","$0.90","Yes","","No","","","0.90","Item","0.210000000","Sinalite","Print","","","","","","","","",""
"210000000488","","","","","Magnet Business Cards","","0","$99.00","Yes","","No","","","99.00","","0.000000000","","","","","","","","","","",""
"210000000492","","","","","Magnet Business Cards 1000","","0","$249.00","Yes","","No","","","249.00","Item","100.000000000","","Wholesale Print","","","","","","","","",""
"210000000495","","","","","Booklet 11/8.5"" Full Color 40","","'-","$16.00","Yes","","No","","","16.00","Item","0.000000000","Diane Endeavors","Print","","","","","","","","",""
"210000000833","","","","","Stock Rider Under Contract","","1","$9.00","Yes","","No","","","9.00","Item","3.050000000","","Retail","","","","","","","","",""
"210000000835","","","","","Stock Rider Just Listed","","1","$9.00","Yes","","No","","","9.00","Item","3.050000000","","Retail","","","","","","","","",""
"210000000819","","","","","Stock Rider OH Sat 2-4pm","","4","$9.00","Yes","","No","","","9.00","Item","3.050000000","","Retail","","","","","","","","",""
"210000000847","","","","","Stock Open House Sign w/ Stake","","6","$19.00","Yes","","No","","","19.00","Item","5.000000000","","Retail","","","","","","","","",""
"210000000831","","","","","Stock Rider Open House","","7","$9.00","Yes","","No","","","9.00","Item","3.050000000","","Retail","","","","","","","","",""
"210000000843","","","","","Stock Rider Sold","","7","$9.00","Yes","","No","","","9.00","Item","3.050000000","","Retail","","","","","","","","",""
"210000000821","","","","","Stock Rider OH Sun 2-4pm","","8","$9.00","Yes","","No","","","9.00","Item","3.050000000","","Retail","","","","","","","","",""
"210000000837","","","","","Stock Rider For Sale","","9","$9.00","Yes","","No","","","9.00","Item","3.050000000","","Retail","","","","","","","","",""
"210000000849","","","","","Stock For Sale Sign w/ stake","","9","$19.00","Yes","","No","","","19.00","Item","5.000000000","","Retail","","","","","","","","",""
"210000000825","","","","","Stock Rider OH Sat 11-1pm","","10","$9.00","Yes","","No","","","9.00","Item","3.050000000","","Retail","","","","","","","","",""
"210000000813","","","","","Stock Rider OH Sat 1-3pm","","18","$9.00","Yes","","No","","","9.00","Item","3.050000000","","Retail","","","","","","","","",""
"210000000815","","","","","Stock Rider OH Sun 1-3pm","","18","$9.00","Yes","","No","","","9.00","Item","3.050000000","","Retail","","","","","","","","",""
"210000000823","","","","","Stock Rider OH Sat/Sun 2-4pm","","18","$9.00","Yes","","No","","","9.00","Item","3.050000000","","Retail","","","","","","","","",""
"210000000841","","","","","Stock Rider For Lease","","19","$9.00","Yes","","No","","","9.00","Item","3.050000000","","Retail","","","","","","","","",""
"210000000839","","","","","Stock Rider Coming Soon","","21","$9.00","Yes","","No","","","9.00","Item","3.050000000","","Retail","","","","","","","","",""
"210000000829","","","","","Stock Rider OH Sat/Sun 11-1pm","","23","$9.00","Yes","","No","","","9.00","Item","3.050000000","","Retail","","","","","","","","",""
"210000000817","","","","","Stock Rider OH Sat/Sun 1-3pm","","25","$9.00","Yes","","No","","","9.00","Item","3.050000000","","Retail","","","","","","","","",""
"210000000827","","","","","Stock Rider OH Sun 11-1pm","","25","$9.00","Yes","","No","","","9.00","Item","3.050000000","","Retail","","","","","","","","",""
"210000000360","","","","","Pop Up Thank You Cards","","476","$6.00","Yes","","No","","","6.00","Item","2.000000000","","Retail","","","","","","","","",""
